{
    "Aachen Hauptbahnhof": "Aachen Hbf",
    "Aalen Hauptbahnhof": "Aalen Hbf",
    "Aschaffenburg Hauptbahnhof": "Aschaffenburg Hbf",
    "Augsburg Hauptbahnhof": "Augsburg Hbf",
    "Bad Friedrichshall Hauptbahnhof": "Bad Friedrichshall Hbf",
    "Bayreuth Hauptbahnhof": "Bayreuth Hbf",
    "Berlin Alexanderplatz (S)": "Berlin Alexanderplatz",
    "Berlin Anhalter Bahnhof (S)": "Berlin Anhalter Bahnhof",
    "Berlin Bornholmer Straße (S)": "Berlin Bornholmer Straße",
    "Berlin Frankfurter Allee (S)": "Berlin Frankfurter Allee",
    "Berlin Friedrichstraße (S)": "Berlin Friedrichstraße",
    "Berlin Gesundbrunnen (S)": "Berlin Gesundbrunnen",
    "Berlin Gesundbrunnen(S)": "Berlin Gesundbrunnen",
    "Berlin Hauptbahnhof (S)": "Berlin Hauptbahnhof",
    "Berlin Hbf": "Berlin Hauptbahnhof",
    "Berlin Hbf (S-Bahn)": "Berlin Hauptbahnhof",
    "Berlin Olympiastadion (S)": "Berlin Olympiastadion",
    "Berlin Ostbahnhof (S)": "Berlin Ostbahnhof",
    "Berlin Ostkreuz (S)": "Berlin Ostkreuz",
    "Berlin Potsdamer Platz (S)": "Berlin Potsdamer Platz",
    "Berlin Südkreuz (S)": "Berlin Südkreuz",
    "Berlin Westkreuz (S)": "Berlin Westkreuz",
    "Berlin Zoologischer Garten (S)": "Berlin Zoologischer Garten",
    "Berlin-Charlottenburg (S)": "Berlin-Charlottenburg",
    "Berlin-Hohenschönhausen (S)": "Berlin-Hohenschönhausen",
    "Berlin-Lichtenberg (S)": "Berlin-Lichtenberg",
    "Berlin-Lichterfelde Ost (S)": "Berlin-Lichterfelde Ost",
    "Berlin-Mahlsdorf (S)": "Berlin-Mahlsdorf",
    "Berlin-Neukölln (S)": "Berlin-Neukölln",
    "Berlin-Schöneweide (S)": "Berlin-Schöneweide",
    "Berlin-Spandau (S)": "Berlin-Spandau",
    "Berlin-Wannsee (S)": "Berlin-Wannsee",
    "Berliner Tor (S)": "Berliner Tor",
    "Bielefeld Hauptbahnhof": "Bielefeld Hbf",
    "Bochum Hauptbahnhof": "Bochum Hbf",
    "Bonn Hauptbahnhof": "Bonn Hbf",
    "Brandenburg Hauptbahnhof": "Brandenburg Hbf",
    "Braunschweig Hauptbahnhof": "Braunschweig Hbf",
    "Braunschweig Hbf ZOB": "Braunschweig Hbf",
    "Bremen Hauptbahnhof": "Bremen Hbf",
    "Bremen Hbf/Hugo-Schauinsland-Platz, Bremen": "Bremen Hbf",
    "Bremerhaven Hauptbahnhof": "Bremerhaven Hbf",
    "Castrop-Rauxel Hauptbahnhof": "Castrop-Rauxel Hbf",
    "Chemnitz Hauptbahnhof": "Chemnitz Hbf",
    "Chemnitz Hbf (Bahnhofstraße)": "Chemnitz Hbf",
    "Chemnitz Omnibusbahnhof": "Chemnitz Hbf",
    "Cottbus Hauptbahnhof": "Cottbus Hbf",
    "Darmstadt Hauptbahnhof": "Darmstadt Hbf",
    "Dessau Hauptbahnhof": "Dessau Hbf",
    "Dortmund Hauptbahnhof": "Dortmund Hbf",
    "Dresden Hauptbahnhof": "Dresden Hbf",
    "Dresden Hbf (S)": "Dresden Hbf",
    "Dresden-Neustadt (S)": "Dresden-Neustadt",
    "Duisburg Hauptbahnhof": "Duisburg Hbf",
    "Düsseldorf Flughafen (S)": "Düsseldorf Flughafen",
    "Düsseldorf Hauptbahnhof": "Düsseldorf Hbf",
    "Düsseldorf Hbf (S)": "Düsseldorf Hbf",
    "Düsseldorf-Benrath (S)": "Düsseldorf-Benrath",
    "Düsseldorf-Derendorf (S)": "Düsseldorf-Derendorf",
    "Eberswalde Hauptbahnhof": "Eberswalde Hbf",
    "Eisenach Hauptbahnhof": "Eisenach Hbf",
    "Emden Hauptbahnhof": "Emden Hbf",
    "Erfurt Hauptbahnhof": "Erfurt Hbf",
    "Essen Hauptbahnhof": "Essen Hbf",
    "Flughafen BER (S-Bahn)": "Flughafen BER",
    "Frankenthal Hauptbahnhof": "Frankenthal Hbf",
    "Frankfurt (Main) Flughafen Regionalbahnhof (S)": "Frankfurt (Main) Flughafen Regionalbahnhof",
    "Frankfurt (Main) Hauptbahnhof": "Frankfurt (Main) Hbf",
    "Frankfurt (Main) Hauptwache (S)": "Frankfurt (Main) Hauptwache",
    "Frankfurt (Main) Hbf (S)": "Frankfurt (Main) Hbf",
    "Frankfurt (Main) Konstablerwache (S)": "Frankfurt (Main) Konstablerwache",
    "Frankfurt (Main) Niederrad (S)": "Frankfurt (Main) Niederrad",
    "Frankfurt (Main) Ostendstraße (S)": "Frankfurt (Main) Ostendstraße",
    "Frankfurt (Main) Stadion (S)": "Frankfurt (Main) Stadion",
    "Frankfurt (Main) Süd (S)": "Frankfurt (Main) Süd",
    "Frankfurt (Main) Taunusanlage (S)": "Frankfurt (Main) Taunusanlage",
    "Frankfurt (Main) West (S)": "Frankfurt (Main) West",
    "Frankfurt (Oder) (S)": "Frankfurt (Oder)",
    "Frankfurt Hbf (tief)": "Frankfurt (Main) Hbf",
    "Frankfurt am Main Flughafen Fernbahnhof (S)": "Frankfurt am Main Flughafen Fernbahnhof",
    "Frankfurt-Höchst (S)": "Frankfurt-Höchst",
    "Frankfurt-Rödelheim (S)": "Frankfurt-Rödelheim",
    "Freiburg (Breisgau) Hauptbahnhof": "Freiburg (Breisgau) Hbf",
    "Fürth (Bay) Hauptbahnhof": "Fürth (Bay) Hbf",
    "Gelsenkirchen Hauptbahnhof": "Gelsenkirchen Hbf",
    "Gera Hauptbahnhof": "Gera Hbf",
    "Gütersloh Hauptbahnhof": "Gütersloh Hbf",
    "Hagen Hauptbahnhof": "Hagen Hbf",
    "Halberstadt Hauptbahnhof": "Halberstadt Hbf",
    "Halle (Saale) Hauptbahnhof": "Halle (Saale) Hbf",
    "Halle(Saale)Hbf Busbahnhof Bussteig 9": "Halle (Saale) Hbf",
    "Hamburg Dammtor (S)": "Hamburg Dammtor",
    "Hamburg Hauptbahnhof": "Hamburg Hbf",
    "Hamburg Hbf (S)": "Hamburg Hbf",
    "Hamburg Hbf (S-Bahn)": "Hamburg Hbf",
    "Hamburg-Altona (S)": "Hamburg-Altona",
    "Hamburg-Altona(S)": "Hamburg-Altona",
    "Hamburg-Bergedorf (S)": "Hamburg-Bergedorf",
    "Hamburg-Harburg (S)": "Hamburg-Harburg",
    "Hamburg-Harburg(S)": "Hamburg-Harburg",
    "Hamburg-Neugraben (S)": "Hamburg-Neugraben",
    "Hamm (Westf) Hauptbahnhof": "Hamm (Westf) Hbf",
    "Hanau Hauptbahnhof": "Hanau Hbf",
    "Hannover Hauptbahnhof": "Hannover Hbf",
    "Hannover Hbf (S)": "Hannover Hbf",
    "Hannover-Messe / Laatzen (S)": "Hannover-Messe / Laatzen",
    "Hauptbahnhof, Regensburg": "Regensburg Hbf",
    "Hauptbahnhof, Saarbrücken": "Saarbrücken Hbf",
    "Hauptbahnhof/Busbahnhof, Heilbronn": "Heilbronn Hbf",
    "Hauptbahnhof/Hugo-Schauinsland-Platz, Bremen": "Bremen Hbf",
    "Heidelberg Hauptbahnhof": "Heidelberg Hbf",
    "Heilbronn Hauptbahnhof": "Heilbronn Hbf",
    "Herne-Wanne-Eickel Hauptbahnhof": "Herne-Wanne-Eickel Hbf",
    "Hildesheim Hauptbahnhof": "Hildesheim Hbf",
    "Hof Hauptbahnhof": "Hof Hbf",
    "Homburg (Saar) Hauptbahnhof": "Homburg (Saar) Hbf",
    "Ingolstadt Hauptbahnhof": "Ingolstadt Hbf",
    "Kaiserslautern Hauptbahnhof": "Kaiserslautern Hbf",
    "Karlsruhe Bahnhofsvorplatz": "Karlsruhe Hbf",
    "Karlsruhe Hauptbahnhof": "Karlsruhe Hbf",
    "Kassel Hauptbahnhof": "Kassel Hbf",
    "Kassel Hbf (tief)": "Kassel Hbf",
    "Kempten (Allgäu) Hauptbahnhof": "Kempten (Allgäu) Hbf",
    "Kiel Hauptbahnhof": "Kiel Hbf",
    "Koblenz Hauptbahnhof": "Koblenz Hbf",
    "Krefeld Hauptbahnhof": "Krefeld Hbf",
    "Köln Hauptbahnhof": "Köln Hbf",
    "Köln Hbf (S)": "Köln Hbf",
    "Köln Messe/Deutz (S)": "Köln Messe/Deutz",
    "Köln Messe/Deutz Gl.11-12": "Köln Messe/Deutz",
    "Köln-Ehrenfeld (S)": "Köln-Ehrenfeld",
    "Köln-Mülheim (S)": "Köln-Mülheim",
    "Köln/Bonn Flughafen (S)": "Köln/Bonn Flughafen",
    "Landshut (Bay) Hauptbahnhof": "Landshut (Bay) Hbf",
    "Leipzig Hauptbahnhof": "Leipzig Hbf",
    "Leipzig Hbf (S)": "Leipzig Hbf",
    "Leipzig Hbf (tief)": "Leipzig Hbf",
    "Leipzig Hbf Ostseite": "Leipzig Hbf",
    "Leipzig Messe (S)": "Leipzig Messe",
    "Ludwigshafen (Rhein) Hauptbahnhof": "Ludwigshafen (Rhein) Hbf",
    "Lutherstadt Wittenberg Hauptbahnhof": "Lutherstadt Wittenberg Hbf",
    "Lübeck Hauptbahnhof": "Lübeck Hbf",
    "Magdeburg Hauptbahnhof": "Magdeburg Hbf",
    "Mainz Hauptbahnhof": "Mainz Hbf",
    "Mannheim Hauptbahnhof": "Mannheim Hbf",
    "Mönchengladbach Hauptbahnhof": "Mönchengladbach Hbf",
    "Mülheim (Ruhr) Hauptbahnhof": "Mülheim (Ruhr) Hbf",
    "München Donnersbergerbrücke (S)": "München Donnersbergerbrücke",
    "München Hauptbahnhof": "München Hbf",
    "München Hbf (S)": "München Hbf",
    "München Hbf (tief)": "München Hbf",
    "München Hbf Gl.27-36": "München Hbf",
    "München Hbf Gl.5-10": "München Hbf",
    "München Karlsplatz (S)": "München Karlsplatz",
    "München Marienplatz (S)": "München Marienplatz",
    "München Ost (S)": "München Ost",
    "München Rosenheimer Platz (S)": "München Rosenheimer Platz",
    "München-Giesing (S)": "München-Giesing",
    "München-Hackerbrücke (S)": "München-Hackerbrücke",
    "München-Hirschgarten (S)": "München-Hirschgarten",
    "München-Laim Pbf (S)": "München-Laim Pbf",
    "München-Pasing (S)": "München-Pasing",
    "Münster (Westf) Hauptbahnhof": "Münster (Westf) Hbf",
    "Naumburg (Saale) Hauptbahnhof": "Naumburg (Saale) Hbf",
    "Neunkirchen (Saar) Hauptbahnhof": "Neunkirchen (Saar) Hbf",
    "Neuss Hauptbahnhof": "Neuss Hbf",
    "Neustadt (Weinstr) Hauptbahnhof": "Neustadt (Weinstr) Hbf",
    "Nürnberg Hauptbahnhof": "Nürnberg Hbf",
    "Nürnberg Hbf (S)": "Nürnberg Hbf",
    "Oberhausen Hauptbahnhof": "Oberhausen Hbf",
    "Oldenburg (Oldb) Hauptbahnhof": "Oldenburg (Oldb) Hbf",
    "Osnabrück Hauptbahnhof": "Osnabrück Hbf",
    "Paderborn Hauptbahnhof": "Paderborn Hbf",
    "Passau Hauptbahnhof": "Passau Hbf",
    "Pforzheim Hauptbahnhof": "Pforzheim Hbf",
    "Potsdam Hauptbahnhof": "Potsdam Hbf",
    "Potsdam Hbf (S)": "Potsdam Hbf",
    "Recklinghausen Hauptbahnhof": "Recklinghausen Hbf",
    "Regensburg Hauptbahnhof": "Regensburg Hbf",
    "Reutlingen Hauptbahnhof": "Reutlingen Hbf",
    "Rostock Hauptbahnhof": "Rostock Hbf",
    "Saarbrücken Hauptbahnhof": "Saarbrücken Hbf",
    "Saarlouis Hauptbahnhof": "Saarlouis Hbf",
    "Schweinfurt Hauptbahnhof": "Schweinfurt Hbf",
    "Schwerin Hauptbahnhof": "Schwerin Hbf",
    "Siegen Hauptbahnhof": "Siegen Hbf",
    "Solingen Hauptbahnhof": "Solingen Hbf",
    "Stendal Hauptbahnhof": "Stendal Hbf",
    "Stralsund Hauptbahnhof": "Stralsund Hbf",
    "Stuttgart Feuersee (S)": "Stuttgart Feuersee",
    "Stuttgart Hauptbahnhof": "Stuttgart Hbf",
    "Stuttgart Hbf (S)": "Stuttgart Hbf",
    "Stuttgart Hbf (tief)": "Stuttgart Hbf",
    "Stuttgart Schwabstraße (S)": "Stuttgart Schwabstraße",
    "Stuttgart Stadtmitte (S)": "Stuttgart Stadtmitte",
    "Stuttgart-Bad Cannstatt (S)": "Stuttgart-Bad Cannstatt",
    "Stuttgart-Feuerbach (S)": "Stuttgart-Feuerbach",
    "Stuttgart-Untertürkheim Pbf (S)": "Stuttgart-Untertürkheim Pbf",
    "Stuttgart-Vaihingen (S)": "Stuttgart-Vaihingen",
    "Stuttgart-Zuffenhausen (S)": "Stuttgart-Zuffenhausen",
    "Trier Hauptbahnhof": "Trier Hbf",
    "Tübingen Hauptbahnhof": "Tübingen Hbf",
    "Ulm Hauptbahnhof": "Ulm Hbf",
    "Weinheim (Bergstr) Hauptbahnhof": "Weinheim (Bergstr) Hbf",
    "Wiesbaden Hauptbahnhof": "Wiesbaden Hbf",
    "Witten Hauptbahnhof": "Witten Hbf",
    "Wolfsburg Hauptbahnhof": "Wolfsburg Hbf",
    "Worms Hauptbahnhof": "Worms Hbf",
    "Wuppertal Hauptbahnhof": "Wuppertal Hbf",
    "Würzburg Hauptbahnhof": "Würzburg Hbf",
    "ZOB/Hauptbahnhof, Lübeck": "Lübeck Hbf",
    "ZOB/Hauptbahnhof, Pforzheim": "Pforzheim Hbf",
    "Zwickau (Sachs) Hauptbahnhof": "Zwickau (Sachs) Hbf"
}